<?xml version="1.0" encoding="utf-8"?>
<extension version="3.9" type="plugin" group="system" method="upgrade">
	<name>PLG_SYSTEM_ASTROIDGHSVS</name>
	<author>G@HService Berlin Neukölln, Volkmar Volli Schlothauer</author>
	<creationDate>2021-01-12</creationDate>
	<copyright>(C) 2021, G@HService Berlin Neukölln, Volkmar Volli Schlothauer (ghsvs.de)</copyright>
	<license>GNU General Public License version 3 or later; see LICENSE.txt.</license>
	<authorUrl>https://www.ghsvs.de</authorUrl>
	<version>2021.02.26</version>
	<versionHistory>
2021.01.12:
- schraefl-bedachungen.eu, Coax-Template
    </versionHistory>
 	<description>PLG_SYSTEM_ASTROIDGHSVS_XML_DESCRIPTION</description>

	<updateservers><server type="extension" priority="1" name="PLG_SYSTEM_ASTROIDGHSVS">https://raw.githubusercontent.com/GHSVS-de/upadateservers/master/plg_system_astroidghsvs-update.xml</server></updateservers>

	<!-- <changelogurl>
		https://raw.githubusercontent.com/GHSVS-de/upadateservers/master/plg_system_astroidghsvs-changelog.xml
	</changelogurl>

	<infourl>https://updates.ghsvs.de/changelog.php?file=plg_system_astroidghsvs</infourl> -->

	<scriptfile>installerScript.php</scriptfile>
	<minimumPhp>7.3.0</minimumPhp>
	<maximumPhp>7.99999.99999</maximumPhp>
	<minimumJoomla>3.9.24</minimumJoomla>
	<maximumJoomla>3.99999.99999</maximumJoomla>
	<allowDowngrades>1</allowDowngrades>
	<!--Comma separated. No spaces:-->
	<databaseServerType></databaseServerType>

	<files>
		<filename plugin="astroidghsvs">astroidghsvs.php</filename>
		<filename>installerScript.php</filename>
		<filename>LICENSE.txt</filename>
		<folder>exampleScaffold</folder>
		<folder>language</folder>
		<folder>vendor</folder>
		<folder>versions-installed</folder>
	</files>

 <config>
  <fields name="params">
   <fieldset name="basic">
    <field type="hidden" default="1" name="astroidghsvsplugin" />
   </fieldset>
		<fieldset name="Einstellungen" label="Einstellungen">

			<field name="loadScssPhpEarlySpacer" type="note"
				label="Load ScssPhp early?"
				description="The plugin tries to establish it's ScssPHP class earlier than other extensions (e.g. Astroid Framework) by firing the composer autoloader.php. It's not guaranteed that it's possible to do so if any other extension did load the class earlier. Sometimes reordering of system plugins (this one first) can help." />

			<field name="loadScssPhpEarly" type="list" default="0" filter="integer"
				label="Load ScssPhp early"
				description="">
					<option value="0">JNO</option>
					<option value="1">JYES</option>
			</field>

			<field name="forceSCSSCompilingGhsvsSpacer" type="note"
				label="forceSCSSCompilingGhsvs"
				description="Wird nur im Frontend berücksichtigt, wenn Template entsprechend vorbereitet ist. JA: EIGENE Astroid-SCSS-Kompilierung forcieren (= immer SCSS kompilieren). Nicht im Echtbetrieb aktivieren! Verlangsamt die Seite u.U. sehr! Einstellung NEIN bedeutet, der TemplateHelper prüft, ob Neukompilierung notwendig." />
			<field name="forceSCSSCompilingGhsvs" type="list" default="0" filter="integer"
				label="forceSCSSCompilingGhsvs"
				description="">
				<option value="1">JYES</option>
				<option value="0">JNO</option>
				<option value="-1">Disable completely</option>
			</field>

			<field name="forceSCSSUtf8GhsvsSpacer" type="note"
				label="SCSS-Kompliierung: UTF-8 forcieren?"
				description="" />

			<field name="forceSCSSUtf8Ghsvs" type="list" default="0" filter="integer"
				label="[forceSCSSUtf8Ghsvs]"
				description="">
				<option value="1">JYES</option>
				<option value="0">JNO</option>
			</field>

		</fieldset>
  </fields>
 </config>
</extension>
