{
    "packages": [
        {
            "name": "scssphp/scssphp",
            "version": "v1.5.1",
            "version_normalized": "1.5.1.0",
            "source": {
                "type": "git",
                "url": "https://github.com/scssphp/scssphp.git",
                "reference": "fc275168bc43de68b82e81e95d8456567e86654f"
            },
            "dist": {
                "type": "zip",
                "url": "https://api.github.com/repos/scssphp/scssphp/zipball/fc275168bc43de68b82e81e95d8456567e86654f",
                "reference": "fc275168bc43de68b82e81e95d8456567e86654f",
                "shasum": ""
            },
            "require": {
                "ext-ctype": "*",
                "ext-json": "*",
                "php": ">=5.6.0"
            },
            "require-dev": {
                "bamarni/composer-bin-plugin": "^1.4",
                "phpunit/phpunit": "^5.7 || ^6.5 || ^7.5 || ^8.3 || ^9.4",
                "sass/sass-spec": "*",
                "squizlabs/php_codesniffer": "~3.5",
                "symfony/phpunit-bridge": "^5.1",
                "twbs/bootstrap": "~5.0",
                "zurb/foundation": "~6.5"
            },
            "suggest": {
                "ext-iconv": "Can be used as fallback when ext-mbstring is not available",
                "ext-mbstring": "For best performance, mbstring should be installed as it is faster than ext-iconv"
            },
            "time": "2021-05-17T08:29:29+00:00",
            "bin": [
                "bin/pscss"
            ],
            "type": "library",
            "installation-source": "dist",
            "autoload": {
                "psr-4": {
                    "ScssPhp\\ScssPhp\\": "src/"
                }
            },
            "notification-url": "https://packagist.org/downloads/",
            "license": [
                "MIT"
            ],
            "authors": [
                {
                    "name": "Anthon Pang",
                    "email": "apang@softwaredevelopment.ca",
                    "homepage": "https://github.com/robocoder"
                },
                {
                    "name": "Cédric Morin",
                    "email": "cedric@yterium.com",
                    "homepage": "https://github.com/Cerdic"
                }
            ],
            "description": "scssphp is a compiler for SCSS written in PHP.",
            "homepage": "http://scssphp.github.io/scssphp/",
            "keywords": [
                "css",
                "less",
                "sass",
                "scss",
                "stylesheet"
            ],
            "support": {
                "issues": "https://github.com/scssphp/scssphp/issues",
                "source": "https://github.com/scssphp/scssphp/tree/v1.5.1"
            },
            "install-path": "../scssphp/scssphp"
        }
    ],
    "dev": true
}
